Workbook
Name BuyerType: Context!$B$4

Sheet Read me first
A1: Vendor demo comparison checklist
A2: Version 2. Software Lantern.
A4: This is guidance, not a security audit
A5: This workbook helps you ask every remote access vendor the same questions and record what you actually saw. It is guidance, not a security audit, a certification or legal advice, and completing it does not show that any product or setup is secure. It names no vendor and suggests no right answers.
A7: How to use it
A8: 1. Context: choose your buyer type and describe your sites, machines and suppliers. The buyer type decides which priority column the other sheets use.
A9: 2. Requirements: 31 rows grouped under Identity, Scope, Lifecycle, Evidence, Availability and Fit and commercial. Adjust the default priorities (Must, Should, Nice) to your situation, and write your own requirement where it helps.
A10: 3. Vendor comparison: type each vendor's name over Vendor A, B and C. For each row record the answer, an evidence status and notes.
A11: 4. Demo script: ask each vendor to run the 7 scenarios live, on a system you direct. What you see there is what moves a row to Verified in demo.
A12: 5. Summary: per vendor, the Must rows for your buyer type and the evidence behind them, and the Must rows still open. There is deliberately no overall score.
A13: 6. Action plan: the Must rows still open for at least one vendor, with the evidence to collect. Before you add owners and dates, copy the items and paste them as values, so your notes stay next to the right item when statuses change.
A15: Evidence status
A16: Verified in demo | B16: You saw it work, live, on a system you could direct.
A17: Documented only | B17: It is in written documentation, a contract or a configuration export, but you have not seen it work.
A18: Claimed | B18: The vendor said so, in a meeting or a slide, with nothing you can check.
A19: Not answered | B19: Asked and not answered, or not asked yet. A blank status counts the same.
A20: Not applicable | B20: The row does not apply to your setup. Write down why in Notes.
A21: A Must row is open for a vendor until it is Verified in demo or marked Not applicable.
A23: Priorities
A24: Must | B24: Without it, do not go ahead with the vendor unless you accept the gap in writing.
A25: Should | B25: Expected. A gap needs a reason and a plan.
A26: Nice | B26: Helps, but does not decide anything.
A27: The defaults for each buyer type are a starting point, not a rule. Change them.
A29: Where the rows come from
A30: The rows follow the five governance dimensions of Software Lantern's regional report Remote Access Is a Governance Problem, whose Appendix A lists the same rows, plus a Fit and commercial group. Version 2 adds: whether all access paths are inventoried and owned; whether a session needs approval before it starts; whether emergency (break-glass) access has an approval and an end time; whether a departing engineer can be removed end to end; whether file transfer and program changes through the connection can be restricted and logged; how it behaves when the platform, cloud or identity service is unavailable.

Sheet Context
A1: Context
A2: Fill in the shaded cells. The buyer type decides which priority column the Vendor comparison, Summary and Action plan use.
A3: Question | B3: Your answer | C3: Note
A4: Buyer type | C4: Machine builder, Factory operator, Integrator.
A5: Number of sites | C5: Sites that remote access reaches, or will reach.
A6: Number of machines | C6: Machines with a remote access path, now or planned.
A7: Number of external suppliers | C7: Companies whose people connect remotely, dealers and subcontractors included.
A8: Current access methods | C8: For example VPN, remote support tool, jump host, OT gateway, modem. List every one in use.
A9: Is remote support business-critical? | C9: Yes if losing remote access would stop production or break a service commitment.

Sheet Requirements
A1: Dimension | B1: Criterion | C1: Why it matters | D1: What to ask | E1: Evidence to request | F1: What a weak answer looks like | G1: Priority: Machine builder | H1: Priority: Operator | I1: Priority: Integrator | J1: Your requirement
A2: Identity | B2: Whether multi-factor authentication is required | C2: A password alone is one of the most commonly exploited single points of failure. | D2: Is MFA mandatory for every connection, or optional and up to us? | E2: Configuration showing a second factor enforced for every account, supplier accounts included, with no per-user opt-out. | F2: MFA is available but optional, or enforced only for administrators. | G2: Must | H2: Must | I2: Must
A3: Identity | B3: Whether accounts are named to a person or shared | C3: Shared accounts make it impossible to trace who actually connected. | D3: Can two engineers share one login, or is every account tied to a named person? | E3: The user list of a live or test tenant, showing one account per person. | F3: One login per customer or per team, or accounts that are named but shared in practice. | G3: Must | H3: Must | I3: Must
A4: Identity | B4: Whether it connects to an existing identity provider | C4: A separate set of accounts is another thing to manage, and another thing that can be forgotten when someone leaves. | D4: Can this use an existing single sign-on, or does it need its own separate accounts? | E4: The list of supported identity providers, and a login through one of them in the demo. | F4: Only local accounts kept inside the tool, with no link to anyone's leaver process. | G4: Should | H4: Should | I4: Should
A5: Scope | B5: How access can be scoped | C5: A connection that reaches more than it needs to widens what a single compromised session could expose. | D5: Can access be scoped to one machine, or does it always reach more of the network? | E5: A demo where a user limited to one machine cannot reach a second machine on the same network. | F5: Access is to the whole site network, and narrowing it is left to the customer's firewall. | G5: Must | H5: Must | I5: Must
A6: Scope | B6: How access across different customers is kept separate | C6: A mistake that lets one customer's session reach another's systems is a serious failure, not a minor one. | D6: How is one customer's access kept completely separate from another's? | E6: A description of how tenants are separated, and a demo that a user of one customer sees nothing of another. | F6: Separation relies on naming conventions, or on technicians picking the right entry from one list. | G6: Must | H6: Must | I6: Must
A7: Scope | B7: Whether file transfer and program changes through the connection can be restricted and logged | C7: A session that can move files or change a controller program can change how the machine behaves, which is more than looking at it. | D7: Can file transfer and program changes be switched off per user or per machine, and is each one recorded? | E7: A demo of a blocked file transfer, and the log entry for one that was allowed. | F7: File transfer is on or off for everyone, or transfers are not recorded. | G7: Must | H7: Must | I7: Must
A8: Scope | B8: What has to be installed on the machine itself | C8: Anything added to the machine is something that has to be maintained for the life of that machine. | D8: What software or hardware has to be added to the machine, and who maintains it? | E8: A list of what is installed on or next to the machine, and who patches it for the machine's life. | F8: An agent or a box is required, and nobody commits to keeping it updated. | G8: Should | H8: Must | I8: Should
A9: Lifecycle | B9: Whether all access paths are inventoried and owned | C9: A path nobody knows about is a path nobody removes. | D9: Can we list every remote path to our machines through this, with an owner for each, and export that list? | E9: An exported list of users, machines and connections, with an owner for each. | F9: The list exists only inside the vendor's support team, or only machine by machine. | G9: Must | H9: Must | I9: Must
A10: Lifecycle | B10: How access is granted and revoked | C10: Access that's slow to remove is access that outlives the reason it was given. | D10: How is access granted for a new engineer, and how quickly can it be revoked? | E10: A demo of granting access to a new engineer and revoking it, timed. | F10: Revocation is a ticket to the vendor's support desk. | G10: Must | H10: Must | I10: Must
A11: Lifecycle | B11: Whether a departing engineer can be removed end to end | C11: A leaver who keeps a working account, a saved credential or a device that still connects keeps access nobody intended. | D11: When an engineer leaves, what has to be done to remove every way they could connect, and who does it? | E11: A written leaver procedure, and a demo of removing one user from every site at once. | F11: Removal is repeated site by site, or depends on the engineer's employer remembering to tell someone. | G11: Must | H11: Must | I11: Must
A12: Lifecycle | B12: Whether the customer can pause or revoke access without help | C12: Depending on the vendor to remove access adds a delay a customer may not be able to accept during an incident. | D12: Can the customer switch off access themselves, without contacting us first? | E12: A demo of the customer switching access off from their own side. | F12: The customer has to call the vendor or the machine builder to switch access off. | G12: Must | H12: Must | I12: Must
A13: Lifecycle | B13: Whether the customer can see who currently has access | C13: A customer's own security review depends on being able to see this themselves, not just take a vendor's word for it. | D13: Can the customer see, in real time, exactly who currently has access? | E13: The customer-side view of current users and sessions, shown live. | F13: Visibility only through a report the vendor sends on request. | G13: Should | H13: Must | I13: Should
... A32: Fit and commercial | B32: Whether there are costs beyond the headline price | C32: A quote that omits support, extra users, or extra sites isn't the real cost of running this. | D32: Are there separate costs for support, extra users, or extra sites beyond the quoted price? | E32: A quote that itemises support, extra users and extra sites. | F32: A headline price only. | G32: Should | H32: Should | I32: Should

Sheet Vendor comparison
A1: Type each vendor's name over Vendor A, B and C. | D1: Vendor A | G1: Vendor B | J1: Vendor C
A2: Dimension | B2: Criterion | C2: Priority (your buyer type) | D2: Answer | E2: Evidence status | F2: Notes | G2: Answer | H2: Evidence status | I2: Notes | J2: Answer | K2: Evidence status | L2: Notes | M2: Open rank Vendor A | N2: Open rank Vendor B | O2: Open rank Vendor C | P2: Open rank any vendor
A3: =Requirements!A2 | B3: =Requirements!B2 | C3: =IF(BuyerType="Machine builder",Requirements!G2,IF(BuyerType="Factory operator",Requirements!H2,IF(BuyerType="Integrator",Requirements!I2,""))) | M3: =IF(AND($C3="Must",E3<>"Verified in demo",E3<>"Not applicable"),MAX(M$2:M2)+1,"") | N3: =IF(AND($C3="Must",H3<>"Verified in demo",H3<>"Not applicable"),MAX(N$2:N2)+1,"") | O3: =IF(AND($C3="Must",K3<>"Verified in demo",K3<>"Not applicable"),MAX(O$2:O2)+1,"") | P3: =IF(OR(M3<>"",N3<>"",O3<>""),MAX(P$2:P2)+1,"")
A4: =Requirements!A3 | B4: =Requirements!B3 | C4: =IF(BuyerType="Machine builder",Requirements!G3,IF(BuyerType="Factory operator",Requirements!H3,IF(BuyerType="Integrator",Requirements!I3,""))) | M4: =IF(AND($C4="Must",E4<>"Verified in demo",E4<>"Not applicable"),MAX(M$2:M3)+1,"") | N4: =IF(AND($C4="Must",H4<>"Verified in demo",H4<>"Not applicable"),MAX(N$2:N3)+1,"") | O4: =IF(AND($C4="Must",K4<>"Verified in demo",K4<>"Not applicable"),MAX(O$2:O3)+1,"") | P4: =IF(OR(M4<>"",N4<>"",O4<>""),MAX(P$2:P3)+1,"")
A5: =Requirements!A4 | B5: =Requirements!B4 | C5: =IF(BuyerType="Machine builder",Requirements!G4,IF(BuyerType="Factory operator",Requirements!H4,IF(BuyerType="Integrator",Requirements!I4,""))) | M5: =IF(AND($C5="Must",E5<>"Verified in demo",E5<>"Not applicable"),MAX(M$2:M4)+1,"") | N5: =IF(AND($C5="Must",H5<>"Verified in demo",H5<>"Not applicable"),MAX(N$2:N4)+1,"") | O5: =IF(AND($C5="Must",K5<>"Verified in demo",K5<>"Not applicable"),MAX(O$2:O4)+1,"") | P5: =IF(OR(M5<>"",N5<>"",O5<>""),MAX(P$2:P4)+1,"")
A6: =Requirements!A5 | B6: =Requirements!B5 | C6: =IF(BuyerType="Machine builder",Requirements!G5,IF(BuyerType="Factory operator",Requirements!H5,IF(BuyerType="Integrator",Requirements!I5,""))) | M6: =IF(AND($C6="Must",E6<>"Verified in demo",E6<>"Not applicable"),MAX(M$2:M5)+1,"") | N6: =IF(AND($C6="Must",H6<>"Verified in demo",H6<>"Not applicable"),MAX(N$2:N5)+1,"") | O6: =IF(AND($C6="Must",K6<>"Verified in demo",K6<>"Not applicable"),MAX(O$2:O5)+1,"") | P6: =IF(OR(M6<>"",N6<>"",O6<>""),MAX(P$2:P5)+1,"")
A7: =Requirements!A6 | B7: =Requirements!B6 | C7: =IF(BuyerType="Machine builder",Requirements!G6,IF(BuyerType="Factory operator",Requirements!H6,IF(BuyerType="Integrator",Requirements!I6,""))) | M7: =IF(AND($C7="Must",E7<>"Verified in demo",E7<>"Not applicable"),MAX(M$2:M6)+1,"") | N7: =IF(AND($C7="Must",H7<>"Verified in demo",H7<>"Not applicable"),MAX(N$2:N6)+1,"") | O7: =IF(AND($C7="Must",K7<>"Verified in demo",K7<>"Not applicable"),MAX(O$2:O6)+1,"") | P7: =IF(OR(M7<>"",N7<>"",O7<>""),MAX(P$2:P6)+1,"")
A8: =Requirements!A7 | B8: =Requirements!B7 | C8: =IF(BuyerType="Machine builder",Requirements!G7,IF(BuyerType="Factory operator",Requirements!H7,IF(BuyerType="Integrator",Requirements!I7,""))) | M8: =IF(AND($C8="Must",E8<>"Verified in demo",E8<>"Not applicable"),MAX(M$2:M7)+1,"") | N8: =IF(AND($C8="Must",H8<>"Verified in demo",H8<>"Not applicable"),MAX(N$2:N7)+1,"") | O8: =IF(AND($C8="Must",K8<>"Verified in demo",K8<>"Not applicable"),MAX(O$2:O7)+1,"") | P8: =IF(OR(M8<>"",N8<>"",O8<>""),MAX(P$2:P7)+1,"")
A9: =Requirements!A8 | B9: =Requirements!B8 | C9: =IF(BuyerType="Machine builder",Requirements!G8,IF(BuyerType="Factory operator",Requirements!H8,IF(BuyerType="Integrator",Requirements!I8,""))) | M9: =IF(AND($C9="Must",E9<>"Verified in demo",E9<>"Not applicable"),MAX(M$2:M8)+1,"") | N9: =IF(AND($C9="Must",H9<>"Verified in demo",H9<>"Not applicable"),MAX(N$2:N8)+1,"") | O9: =IF(AND($C9="Must",K9<>"Verified in demo",K9<>"Not applicable"),MAX(O$2:O8)+1,"") | P9: =IF(OR(M9<>"",N9<>"",O9<>""),MAX(P$2:P8)+1,"")
A10: =Requirements!A9 | B10: =Requirements!B9 | C10: =IF(BuyerType="Machine builder",Requirements!G9,IF(BuyerType="Factory operator",Requirements!H9,IF(BuyerType="Integrator",Requirements!I9,""))) | M10: =IF(AND($C10="Must",E10<>"Verified in demo",E10<>"Not applicable"),MAX(M$2:M9)+1,"") | N10: =IF(AND($C10="Must",H10<>"Verified in demo",H10<>"Not applicable"),MAX(N$2:N9)+1,"") | O10: =IF(AND($C10="Must",K10<>"Verified in demo",K10<>"Not applicable"),MAX(O$2:O9)+1,"") | P10: =IF(OR(M10<>"",N10<>"",O10<>""),MAX(P$2:P9)+1,"")
A11: =Requirements!A10 | B11: =Requirements!B10 | C11: =IF(BuyerType="Machine builder",Requirements!G10,IF(BuyerType="Factory operator",Requirements!H10,IF(BuyerType="Integrator",Requirements!I10,""))) | M11: =IF(AND($C11="Must",E11<>"Verified in demo",E11<>"Not applicable"),MAX(M$2:M10)+1,"") | N11: =IF(AND($C11="Must",H11<>"Verified in demo",H11<>"Not applicable"),MAX(N$2:N10)+1,"") | O11: =IF(AND($C11="Must",K11<>"Verified in demo",K11<>"Not applicable"),MAX(O$2:O10)+1,"") | P11: =IF(OR(M11<>"",N11<>"",O11<>""),MAX(P$2:P10)+1,"")
A12: =Requirements!A11 | B12: =Requirements!B11 | C12: =IF(BuyerType="Machine builder",Requirements!G11,IF(BuyerType="Factory operator",Requirements!H11,IF(BuyerType="Integrator",Requirements!I11,""))) | M12: =IF(AND($C12="Must",E12<>"Verified in demo",E12<>"Not applicable"),MAX(M$2:M11)+1,"") | N12: =IF(AND($C12="Must",H12<>"Verified in demo",H12<>"Not applicable"),MAX(N$2:N11)+1,"") | O12: =IF(AND($C12="Must",K12<>"Verified in demo",K12<>"Not applicable"),MAX(O$2:O11)+1,"") | P12: =IF(OR(M12<>"",N12<>"",O12<>""),MAX(P$2:P11)+1,"")
A13: =Requirements!A12 | B13: =Requirements!B12 | C13: =IF(BuyerType="Machine builder",Requirements!G12,IF(BuyerType="Factory operator",Requirements!H12,IF(BuyerType="Integrator",Requirements!I12,""))) | M13: =IF(AND($C13="Must",E13<>"Verified in demo",E13<>"Not applicable"),MAX(M$2:M12)+1,"") | N13: =IF(AND($C13="Must",H13<>"Verified in demo",H13<>"Not applicable"),MAX(N$2:N12)+1,"") | O13: =IF(AND($C13="Must",K13<>"Verified in demo",K13<>"Not applicable"),MAX(O$2:O12)+1,"") | P13: =IF(OR(M13<>"",N13<>"",O13<>""),MAX(P$2:P12)+1,"")
A14: =Requirements!A13 | B14: =Requirements!B13 | C14: =IF(BuyerType="Machine builder",Requirements!G13,IF(BuyerType="Factory operator",Requirements!H13,IF(BuyerType="Integrator",Requirements!I13,""))) | M14: =IF(AND($C14="Must",E14<>"Verified in demo",E14<>"Not applicable"),MAX(M$2:M13)+1,"") | N14: =IF(AND($C14="Must",H14<>"Verified in demo",H14<>"Not applicable"),MAX(N$2:N13)+1,"") | O14: =IF(AND($C14="Must",K14<>"Verified in demo",K14<>"Not applicable"),MAX(O$2:O13)+1,"") | P14: =IF(OR(M14<>"",N14<>"",O14<>""),MAX(P$2:P13)+1,"")
... A33: =Requirements!A32 | B33: =Requirements!B32 | C33: =IF(BuyerType="Machine builder",Requirements!G32,IF(BuyerType="Factory operator",Requirements!H32,IF(BuyerType="Integrator",Requirements!I32,""))) | M33: =IF(AND($C33="Must",E33<>"Verified in demo",E33<>"Not applicable"),MAX(M$2:M32)+1,"") | N33: =IF(AND($C33="Must",H33<>"Verified in demo",H33<>"Not applicable"),MAX(N$2:N32)+1,"") | O33: =IF(AND($C33="Must",K33<>"Verified in demo",K33<>"Not applicable"),MAX(O$2:O32)+1,"") | P33: =IF(OR(M33<>"",N33<>"",O33<>""),MAX(P$2:P32)+1,"")

Sheet Demo script
A1: Demo script
A2: Ask each vendor to do these live, on a system you direct, not as slides. Record what you saw for each vendor, then set the matching rows on the Vendor comparison sheet.
A4: # | B4: Scenario | C4: Ask the vendor to | D4: Evidence to expect | E4: Follow-up questions | F4: Dimensions | G4: ='Vendor comparison'!$D$1 | H4: ='Vendor comparison'!$G$1 | I4: ='Vendor comparison'!$J$1 | J4: Notes
A5: 1 | B5: Revoke an active session | C5: Start a session as a technician, then have a customer-side user revoke it while it is running. | D5: The session ends within seconds, the technician cannot reconnect, and the log shows who revoked it and when. | E5: How long until revocation takes effect on every path? Could the technician reconnect another way? | F5: Lifecycle, Availability
A6: 2 | B6: Restrict access to one machine | C6: Give a user access to one machine only, then try to reach a second machine on the same network from that session. | D6: The second machine is unreachable, and the attempt is refused and recorded. | E6: Is the restriction enforced by the tool or by our firewall? Can a user widen their own scope? | F6: Scope
A7: 3 | B7: Remove a departing engineer end to end | C7: Remove one engineer who has access at several sites, then try every way they could connect. | D7: Access removed in one action or one documented procedure; no login, saved credential or device still works. | E7: What about accounts on the plant side or at a subcontractor? Who is told, and how? | F7: Lifecycle, Identity
A8: 4 | B8: Reconstruct a past session from the logs | C8: Pick a session from earlier in the demo and reconstruct who connected, to what, when, and what they did, using only the logs. | D8: Identity, target, start and end, and the actions or a recording, without asking the technician. | E8: How long are these logs kept? Can we export them ourselves? Can an administrator change them? | F8: Evidence
A9: 5 | B9: Drop the connection mid-session | C9: Interrupt the network link during an active session, then restore it. | D9: No half-finished change left running, a reconnect that asks for authentication again, and the interruption in the log. | E9: What happens to a file transfer or program download in progress? What does the machine do meanwhile? | F9: Availability
A10: 6 | B10: Emergency access with approval and an end time | C10: Request emergency access as if out of hours, approve it, and let it run to its end time. | D10: An approval record, access that ends at the set time without anyone removing it, and the whole event in the log. | E10: Who can approve? What if the approver cannot be reached? Can the end time be extended, and is that recorded? | F10: Availability, Evidence
A11: 7 | B11: Export logs and configuration | C11: Export the session logs and the access configuration for one site. | D11: Files in a documented format you can read without the tool, covering users, permissions and sessions. | E11: Is export available at every price tier? Does it still work after the contract ends? | F11: Evidence, Fit and commercial

Sheet Summary
A1: Summary
A2: Formulas only. No overall score: compare the evidence behind each Must row, not a number.
A4: Buyer type | B4: =IF(BuyerType="","Choose a buyer type on the Context sheet",BuyerType)
A6: Must rows for this buyer type | B6: ='Vendor comparison'!$D$1 | C6: ='Vendor comparison'!$G$1 | D6: ='Vendor comparison'!$J$1
A7: Must rows | B7: =COUNTIF('Vendor comparison'!$C$3:$C$33,"Must") | C7: =COUNTIF('Vendor comparison'!$C$3:$C$33,"Must") | D7: =COUNTIF('Vendor comparison'!$C$3:$C$33,"Must")
A8: Verified in demo | B8: =COUNTIFS('Vendor comparison'!$C$3:$C$33,"Must",'Vendor comparison'!$E$3:$E$33,"Verified in demo") | C8: =COUNTIFS('Vendor comparison'!$C$3:$C$33,"Must",'Vendor comparison'!$H$3:$H$33,"Verified in demo") | D8: =COUNTIFS('Vendor comparison'!$C$3:$C$33,"Must",'Vendor comparison'!$K$3:$K$33,"Verified in demo")
A9: Documented only | B9: =COUNTIFS('Vendor comparison'!$C$3:$C$33,"Must",'Vendor comparison'!$E$3:$E$33,"Documented only") | C9: =COUNTIFS('Vendor comparison'!$C$3:$C$33,"Must",'Vendor comparison'!$H$3:$H$33,"Documented only") | D9: =COUNTIFS('Vendor comparison'!$C$3:$C$33,"Must",'Vendor comparison'!$K$3:$K$33,"Documented only")
A10: Claimed | B10: =COUNTIFS('Vendor comparison'!$C$3:$C$33,"Must",'Vendor comparison'!$E$3:$E$33,"Claimed") | C10: =COUNTIFS('Vendor comparison'!$C$3:$C$33,"Must",'Vendor comparison'!$H$3:$H$33,"Claimed") | D10: =COUNTIFS('Vendor comparison'!$C$3:$C$33,"Must",'Vendor comparison'!$K$3:$K$33,"Claimed")
A11: Not applicable | B11: =COUNTIFS('Vendor comparison'!$C$3:$C$33,"Must",'Vendor comparison'!$E$3:$E$33,"Not applicable") | C11: =COUNTIFS('Vendor comparison'!$C$3:$C$33,"Must",'Vendor comparison'!$H$3:$H$33,"Not applicable") | D11: =COUNTIFS('Vendor comparison'!$C$3:$C$33,"Must",'Vendor comparison'!$K$3:$K$33,"Not applicable")
A12: Not answered (including blank) | B12: =B7-B8-B9-B10-B11 | C12: =C7-C8-C9-C10-C11 | D12: =D7-D8-D9-D10-D11
A13: Open (not verified in demo, not N/A) | B13: =B7-B8-B11 | C13: =C7-C8-C11 | D13: =D7-D8-D11
A15: Open Must rows, in checklist order
A16: # | B16: ='Vendor comparison'!$D$1 | C16: ='Vendor comparison'!$G$1 | D16: ='Vendor comparison'!$J$1
A17: 1 | B17: =IFERROR(INDEX('Vendor comparison'!$B$3:$B$33,MATCH($A17,'Vendor comparison'!$M$3:$M$33,0)),"") | C17: =IFERROR(INDEX('Vendor comparison'!$B$3:$B$33,MATCH($A17,'Vendor comparison'!$N$3:$N$33,0)),"") | D17: =IFERROR(INDEX('Vendor comparison'!$B$3:$B$33,MATCH($A17,'Vendor comparison'!$O$3:$O$33,0)),"")
A18: 2 | B18: =IFERROR(INDEX('Vendor comparison'!$B$3:$B$33,MATCH($A18,'Vendor comparison'!$M$3:$M$33,0)),"") | C18: =IFERROR(INDEX('Vendor comparison'!$B$3:$B$33,MATCH($A18,'Vendor comparison'!$N$3:$N$33,0)),"") | D18: =IFERROR(INDEX('Vendor comparison'!$B$3:$B$33,MATCH($A18,'Vendor comparison'!$O$3:$O$33,0)),"")
A19: 3 | B19: =IFERROR(INDEX('Vendor comparison'!$B$3:$B$33,MATCH($A19,'Vendor comparison'!$M$3:$M$33,0)),"") | C19: =IFERROR(INDEX('Vendor comparison'!$B$3:$B$33,MATCH($A19,'Vendor comparison'!$N$3:$N$33,0)),"") | D19: =IFERROR(INDEX('Vendor comparison'!$B$3:$B$33,MATCH($A19,'Vendor comparison'!$O$3:$O$33,0)),"")
A20: 4 | B20: =IFERROR(INDEX('Vendor comparison'!$B$3:$B$33,MATCH($A20,'Vendor comparison'!$M$3:$M$33,0)),"") | C20: =IFERROR(INDEX('Vendor comparison'!$B$3:$B$33,MATCH($A20,'Vendor comparison'!$N$3:$N$33,0)),"") | D20: =IFERROR(INDEX('Vendor comparison'!$B$3:$B$33,MATCH($A20,'Vendor comparison'!$O$3:$O$33,0)),"")
A21: 5 | B21: =IFERROR(INDEX('Vendor comparison'!$B$3:$B$33,MATCH($A21,'Vendor comparison'!$M$3:$M$33,0)),"") | C21: =IFERROR(INDEX('Vendor comparison'!$B$3:$B$33,MATCH($A21,'Vendor comparison'!$N$3:$N$33,0)),"") | D21: =IFERROR(INDEX('Vendor comparison'!$B$3:$B$33,MATCH($A21,'Vendor comparison'!$O$3:$O$33,0)),"")
A22: 6 | B22: =IFERROR(INDEX('Vendor comparison'!$B$3:$B$33,MATCH($A22,'Vendor comparison'!$M$3:$M$33,0)),"") | C22: =IFERROR(INDEX('Vendor comparison'!$B$3:$B$33,MATCH($A22,'Vendor comparison'!$N$3:$N$33,0)),"") | D22: =IFERROR(INDEX('Vendor comparison'!$B$3:$B$33,MATCH($A22,'Vendor comparison'!$O$3:$O$33,0)),"")
A23: 7 | B23: =IFERROR(INDEX('Vendor comparison'!$B$3:$B$33,MATCH($A23,'Vendor comparison'!$M$3:$M$33,0)),"") | C23: =IFERROR(INDEX('Vendor comparison'!$B$3:$B$33,MATCH($A23,'Vendor comparison'!$N$3:$N$33,0)),"") | D23: =IFERROR(INDEX('Vendor comparison'!$B$3:$B$33,MATCH($A23,'Vendor comparison'!$O$3:$O$33,0)),"")
A24: 8 | B24: =IFERROR(INDEX('Vendor comparison'!$B$3:$B$33,MATCH($A24,'Vendor comparison'!$M$3:$M$33,0)),"") | C24: =IFERROR(INDEX('Vendor comparison'!$B$3:$B$33,MATCH($A24,'Vendor comparison'!$N$3:$N$33,0)),"") | D24: =IFERROR(INDEX('Vendor comparison'!$B$3:$B$33,MATCH($A24,'Vendor comparison'!$O$3:$O$33,0)),"")
A25: 9 | B25: =IFERROR(INDEX('Vendor comparison'!$B$3:$B$33,MATCH($A25,'Vendor comparison'!$M$3:$M$33,0)),"") | C25: =IFERROR(INDEX('Vendor comparison'!$B$3:$B$33,MATCH($A25,'Vendor comparison'!$N$3:$N$33,0)),"") | D25: =IFERROR(INDEX('Vendor comparison'!$B$3:$B$33,MATCH($A25,'Vendor comparison'!$O$3:$O$33,0)),"")
A26: 10 | B26: =IFERROR(INDEX('Vendor comparison'!$B$3:$B$33,MATCH($A26,'Vendor comparison'!$M$3:$M$33,0)),"") | C26: =IFERROR(INDEX('Vendor comparison'!$B$3:$B$33,MATCH($A26,'Vendor comparison'!$N$3:$N$33,0)),"") | D26: =IFERROR(INDEX('Vendor comparison'!$B$3:$B$33,MATCH($A26,'Vendor comparison'!$O$3:$O$33,0)),"")
A27: 11 | B27: =IFERROR(INDEX('Vendor comparison'!$B$3:$B$33,MATCH($A27,'Vendor comparison'!$M$3:$M$33,0)),"") | C27: =IFERROR(INDEX('Vendor comparison'!$B$3:$B$33,MATCH($A27,'Vendor comparison'!$N$3:$N$33,0)),"") | D27: =IFERROR(INDEX('Vendor comparison'!$B$3:$B$33,MATCH($A27,'Vendor comparison'!$O$3:$O$33,0)),"")
A28: 12 | B28: =IFERROR(INDEX('Vendor comparison'!$B$3:$B$33,MATCH($A28,'Vendor comparison'!$M$3:$M$33,0)),"") | C28: =IFERROR(INDEX('Vendor comparison'!$B$3:$B$33,MATCH($A28,'Vendor comparison'!$N$3:$N$33,0)),"") | D28: =IFERROR(INDEX('Vendor comparison'!$B$3:$B$33,MATCH($A28,'Vendor comparison'!$O$3:$O$33,0)),"")
... A47: 31 | B47: =IFERROR(INDEX('Vendor comparison'!$B$3:$B$33,MATCH($A47,'Vendor comparison'!$M$3:$M$33,0)),"") | C47: =IFERROR(INDEX('Vendor comparison'!$B$3:$B$33,MATCH($A47,'Vendor comparison'!$N$3:$N$33,0)),"") | D47: =IFERROR(INDEX('Vendor comparison'!$B$3:$B$33,MATCH($A47,'Vendor comparison'!$O$3:$O$33,0)),"")

Sheet Action plan
A1: Action plan
A2: The first 15 rows fill themselves with the Must rows still open for at least one vendor, in checklist order, with the evidence to collect. Before adding owners and dates, copy those rows and paste them as values, so your notes stay with the right item when statuses change. The last 10 rows are for items of your own.
A4: # | B4: Unresolved item | C4: Open for | D4: Evidence to collect | E4: Stakeholders | F4: Next step | G4: Owner | H4: Date | I4: Status
A5: 1 | B5: =IF($J5="","",INDEX('Vendor comparison'!$B$3:$B$33,$J5)) | C5: =IF($J5="","",MID(IF(INDEX('Vendor comparison'!$M$3:$M$33,$J5)<>"",", "&'Vendor comparison'!$D$1,"")&IF(INDEX('Vendor comparison'!$N$3:$N$33,$J5)<>"",", "&'Vendor comparison'!$G$1,"")&IF(INDEX('Vendor comparison'!$O$3:$O$33,$J5)<>"",", "&'Vendor comparison'!$J$1,""),3,200)) | D5: =IF($J5="","",INDEX(Requirements!$E$2:$E$32,$J5)) | J5: =IFERROR(MATCH($A5,'Vendor comparison'!$P$3:$P$33,0),"")
A6: 2 | B6: =IF($J6="","",INDEX('Vendor comparison'!$B$3:$B$33,$J6)) | C6: =IF($J6="","",MID(IF(INDEX('Vendor comparison'!$M$3:$M$33,$J6)<>"",", "&'Vendor comparison'!$D$1,"")&IF(INDEX('Vendor comparison'!$N$3:$N$33,$J6)<>"",", "&'Vendor comparison'!$G$1,"")&IF(INDEX('Vendor comparison'!$O$3:$O$33,$J6)<>"",", "&'Vendor comparison'!$J$1,""),3,200)) | D6: =IF($J6="","",INDEX(Requirements!$E$2:$E$32,$J6)) | J6: =IFERROR(MATCH($A6,'Vendor comparison'!$P$3:$P$33,0),"")
A7: 3 | B7: =IF($J7="","",INDEX('Vendor comparison'!$B$3:$B$33,$J7)) | C7: =IF($J7="","",MID(IF(INDEX('Vendor comparison'!$M$3:$M$33,$J7)<>"",", "&'Vendor comparison'!$D$1,"")&IF(INDEX('Vendor comparison'!$N$3:$N$33,$J7)<>"",", "&'Vendor comparison'!$G$1,"")&IF(INDEX('Vendor comparison'!$O$3:$O$33,$J7)<>"",", "&'Vendor comparison'!$J$1,""),3,200)) | D7: =IF($J7="","",INDEX(Requirements!$E$2:$E$32,$J7)) | J7: =IFERROR(MATCH($A7,'Vendor comparison'!$P$3:$P$33,0),"")
A8: 4 | B8: =IF($J8="","",INDEX('Vendor comparison'!$B$3:$B$33,$J8)) | C8: =IF($J8="","",MID(IF(INDEX('Vendor comparison'!$M$3:$M$33,$J8)<>"",", "&'Vendor comparison'!$D$1,"")&IF(INDEX('Vendor comparison'!$N$3:$N$33,$J8)<>"",", "&'Vendor comparison'!$G$1,"")&IF(INDEX('Vendor comparison'!$O$3:$O$33,$J8)<>"",", "&'Vendor comparison'!$J$1,""),3,200)) | D8: =IF($J8="","",INDEX(Requirements!$E$2:$E$32,$J8)) | J8: =IFERROR(MATCH($A8,'Vendor comparison'!$P$3:$P$33,0),"")
A9: 5 | B9: =IF($J9="","",INDEX('Vendor comparison'!$B$3:$B$33,$J9)) | C9: =IF($J9="","",MID(IF(INDEX('Vendor comparison'!$M$3:$M$33,$J9)<>"",", "&'Vendor comparison'!$D$1,"")&IF(INDEX('Vendor comparison'!$N$3:$N$33,$J9)<>"",", "&'Vendor comparison'!$G$1,"")&IF(INDEX('Vendor comparison'!$O$3:$O$33,$J9)<>"",", "&'Vendor comparison'!$J$1,""),3,200)) | D9: =IF($J9="","",INDEX(Requirements!$E$2:$E$32,$J9)) | J9: =IFERROR(MATCH($A9,'Vendor comparison'!$P$3:$P$33,0),"")
A10: 6 | B10: =IF($J10="","",INDEX('Vendor comparison'!$B$3:$B$33,$J10)) | C10: =IF($J10="","",MID(IF(INDEX('Vendor comparison'!$M$3:$M$33,$J10)<>"",", "&'Vendor comparison'!$D$1,"")&IF(INDEX('Vendor comparison'!$N$3:$N$33,$J10)<>"",", "&'Vendor comparison'!$G$1,"")&IF(INDEX('Vendor comparison'!$O$3:$O$33,$J10)<>"",", "&'Vendor comparison'!$J$1,""),3,200)) | D10: =IF($J10="","",INDEX(Requirements!$E$2:$E$32,$J10)) | J10: =IFERROR(MATCH($A10,'Vendor comparison'!$P$3:$P$33,0),"")
A11: 7 | B11: =IF($J11="","",INDEX('Vendor comparison'!$B$3:$B$33,$J11)) | C11: =IF($J11="","",MID(IF(INDEX('Vendor comparison'!$M$3:$M$33,$J11)<>"",", "&'Vendor comparison'!$D$1,"")&IF(INDEX('Vendor comparison'!$N$3:$N$33,$J11)<>"",", "&'Vendor comparison'!$G$1,"")&IF(INDEX('Vendor comparison'!$O$3:$O$33,$J11)<>"",", "&'Vendor comparison'!$J$1,""),3,200)) | D11: =IF($J11="","",INDEX(Requirements!$E$2:$E$32,$J11)) | J11: =IFERROR(MATCH($A11,'Vendor comparison'!$P$3:$P$33,0),"")
A12: 8 | B12: =IF($J12="","",INDEX('Vendor comparison'!$B$3:$B$33,$J12)) | C12: =IF($J12="","",MID(IF(INDEX('Vendor comparison'!$M$3:$M$33,$J12)<>"",", "&'Vendor comparison'!$D$1,"")&IF(INDEX('Vendor comparison'!$N$3:$N$33,$J12)<>"",", "&'Vendor comparison'!$G$1,"")&IF(INDEX('Vendor comparison'!$O$3:$O$33,$J12)<>"",", "&'Vendor comparison'!$J$1,""),3,200)) | D12: =IF($J12="","",INDEX(Requirements!$E$2:$E$32,$J12)) | J12: =IFERROR(MATCH($A12,'Vendor comparison'!$P$3:$P$33,0),"")
A13: 9 | B13: =IF($J13="","",INDEX('Vendor comparison'!$B$3:$B$33,$J13)) | C13: =IF($J13="","",MID(IF(INDEX('Vendor comparison'!$M$3:$M$33,$J13)<>"",", "&'Vendor comparison'!$D$1,"")&IF(INDEX('Vendor comparison'!$N$3:$N$33,$J13)<>"",", "&'Vendor comparison'!$G$1,"")&IF(INDEX('Vendor comparison'!$O$3:$O$33,$J13)<>"",", "&'Vendor comparison'!$J$1,""),3,200)) | D13: =IF($J13="","",INDEX(Requirements!$E$2:$E$32,$J13)) | J13: =IFERROR(MATCH($A13,'Vendor comparison'!$P$3:$P$33,0),"")
A14: 10 | B14: =IF($J14="","",INDEX('Vendor comparison'!$B$3:$B$33,$J14)) | C14: =IF($J14="","",MID(IF(INDEX('Vendor comparison'!$M$3:$M$33,$J14)<>"",", "&'Vendor comparison'!$D$1,"")&IF(INDEX('Vendor comparison'!$N$3:$N$33,$J14)<>"",", "&'Vendor comparison'!$G$1,"")&IF(INDEX('Vendor comparison'!$O$3:$O$33,$J14)<>"",", "&'Vendor comparison'!$J$1,""),3,200)) | D14: =IF($J14="","",INDEX(Requirements!$E$2:$E$32,$J14)) | J14: =IFERROR(MATCH($A14,'Vendor comparison'!$P$3:$P$33,0),"")
A15: 11 | B15: =IF($J15="","",INDEX('Vendor comparison'!$B$3:$B$33,$J15)) | C15: =IF($J15="","",MID(IF(INDEX('Vendor comparison'!$M$3:$M$33,$J15)<>"",", "&'Vendor comparison'!$D$1,"")&IF(INDEX('Vendor comparison'!$N$3:$N$33,$J15)<>"",", "&'Vendor comparison'!$G$1,"")&IF(INDEX('Vendor comparison'!$O$3:$O$33,$J15)<>"",", "&'Vendor comparison'!$J$1,""),3,200)) | D15: =IF($J15="","",INDEX(Requirements!$E$2:$E$32,$J15)) | J15: =IFERROR(MATCH($A15,'Vendor comparison'!$P$3:$P$33,0),"")
A16: 12 | B16: =IF($J16="","",INDEX('Vendor comparison'!$B$3:$B$33,$J16)) | C16: =IF($J16="","",MID(IF(INDEX('Vendor comparison'!$M$3:$M$33,$J16)<>"",", "&'Vendor comparison'!$D$1,"")&IF(INDEX('Vendor comparison'!$N$3:$N$33,$J16)<>"",", "&'Vendor comparison'!$G$1,"")&IF(INDEX('Vendor comparison'!$O$3:$O$33,$J16)<>"",", "&'Vendor comparison'!$J$1,""),3,200)) | D16: =IF($J16="","",INDEX(Requirements!$E$2:$E$32,$J16)) | J16: =IFERROR(MATCH($A16,'Vendor comparison'!$P$3:$P$33,0),"")
... A19: 15 | B19: =IF($J19="","",INDEX('Vendor comparison'!$B$3:$B$33,$J19)) | C19: =IF($J19="","",MID(IF(INDEX('Vendor comparison'!$M$3:$M$33,$J19)<>"",", "&'Vendor comparison'!$D$1,"")&IF(INDEX('Vendor comparison'!$N$3:$N$33,$J19)<>"",", "&'Vendor comparison'!$G$1,"")&IF(INDEX('Vendor comparison'!$O$3:$O$33,$J19)<>"",", "&'Vendor comparison'!$J$1,""),3,200)) | D19: =IF($J19="","",INDEX(Requirements!$E$2:$E$32,$J19)) | J19: =IFERROR(MATCH($A19,'Vendor comparison'!$P$3:$P$33,0),"")
